,City,Cloudiness,Country,Date,Humidity,Lat,Lng,Max,Temp,Wind Speed
0,Saskylakh,88.0,RU,1538549893.0,93.0,71.97,114.09,28.62,28.62,4.61
0,Sidney,90.0,US,1538547300.0,93.0,47.72,-104.16,39.2,37.89,10.29
0,Gushikawa,90.0,JP,1538546400.0,79.0,26.35,127.87,77.0,76.46,17.22
0,Grand-Lahou,44.0,CI,1538549893.0,95.0,5.24,-5.0,72.09,72.09,3.04
0,Fortuna,0.0,ES,1538548200.0,72.0,38.18,-1.13,62.6,58.93,2.24
0,Mount Gambier,92.0,AU,1538549894.0,84.0,-37.83,140.78,54.81,54.81,8.97
0,Kisangani,92.0,CD,1538549894.0,99.0,0.52,25.21,73.44,73.44,2.93
0,Bredasdorp,64.0,ZA,1538546400.0,67.0,-34.53,20.04,57.2,57.2,3.36
0,Krk,0.0,HR,1538548200.0,62.0,45.03,14.57,57.2,55.26,8.63
0,Punta Arenas,40.0,CL,1538546400.0,86.0,-53.16,-70.91,39.2,39.2,19.46
0,Asosa,64.0,ET,1538549894.0,93.0,10.07,34.53,69.84,69.84,3.94
0,Khatanga,88.0,RU,1538549895.0,95.0,71.98,102.47,33.39,33.39,8.86
0,Kaeo,0.0,NZ,1538549895.0,71.0,-35.1,173.78,59.94,59.94,8.41
0,Flinders,90.0,AU,1538546400.0,77.0,-34.58,150.85,62.6,62.6,12.75
0,Nuuk,76.0,GL,1538545800.0,100.0,64.17,-51.74,33.8,33.8,10.29
0,Thompson,5.0,CA,1538546400.0,68.0,55.74,-97.86,26.6,26.6,5.73
0,Cape Town,0.0,ZA,1538546400.0,54.0,-33.93,18.42,57.2,57.2,23.04
0,Saint-Philippe,90.0,CA,1538548500.0,100.0,45.36,-73.48,50.9,48.85,4.7
0,Tazovskiy,36.0,RU,1538549873.0,85.0,67.47,78.7,34.47,34.47,10.87
0,Klaksvik,20.0,FO,1538547600.0,80.0,62.23,-6.59,41.0,41.0,1.12
0,Rikitea,100.0,PF,1538549896.0,100.0,-23.12,-134.97,65.25,65.25,17.92
0,Nemuro,40.0,JP,1538546400.0,52.0,43.32,145.57,68.0,68.0,14.99
0,Shingu,75.0,JP,1538546400.0,64.0,33.72,135.99,73.4,73.4,3.36
0,Georgetown,24.0,GY,1538549897.0,91.0,6.8,-58.16,77.13,77.13,4.94
0,Lavrentiya,92.0,RU,1538549897.0,90.0,65.58,-170.99,46.62,46.62,29.77
0,Doha,0.0,QA,1538546400.0,42.0,25.29,51.53,98.6,98.6,2.24
0,Soyo,92.0,AO,1538549898.0,94.0,-6.13,12.37,73.8,73.8,3.15
0,Upernavik,0.0,GL,1538549898.0,100.0,72.79,-56.15,27.72,27.72,10.65
0,Bethel,90.0,US,1538545980.0,86.0,60.79,-161.76,48.02,48.02,9.17
0,Mataura,0.0,NZ,1538549898.0,67.0,-46.19,168.86,51.21,51.21,16.91
0,Muravlenko,48.0,RU,1538549899.0,96.0,63.79,74.5,43.56,43.56,8.97
0,Ruteng,48.0,ID,1538549899.0,56.0,-8.61,120.46,83.52,83.52,5.73
0,Yellowknife,90.0,CA,1538547900.0,68.0,62.45,-114.38,26.6,26.6,16.11
0,Albany,90.0,US,1538547900.0,93.0,42.65,-73.75,64.04,60.57,3.36
0,Tocache,76.0,PE,1538549899.0,91.0,-8.19,-76.51,59.22,59.22,1.7
0,Ponta do Sol,68.0,BR,1538549899.0,95.0,-20.63,-46.0,64.62,64.62,2.37
0,Chiang Klang,75.0,TH,1538546400.0,94.0,19.29,100.86,78.8,78.8,6.93
0,New Norfolk,75.0,AU,1538548200.0,58.0,-42.78,147.06,53.6,53.6,24.16
0,Berlevag,75.0,NO,1538545800.0,86.0,70.86,29.09,39.2,36.23,21.92
0,Tessalit,20.0,ML,1538549900.0,43.0,20.2,1.01,71.37,71.37,4.61
0,Puerto Ayora,48.0,EC,1538549900.0,100.0,-0.74,-90.35,70.38,70.38,7.74
0,Narsaq,80.0,GL,1538545800.0,51.0,60.91,-46.05,35.6,35.6,12.75
0,Mahanoro,0.0,MG,1538549901.0,74.0,-19.9,48.8,73.35,73.35,3.38
0,Victor Harbor,75.0,AU,1538548200.0,52.0,-35.55,138.62,64.4,64.4,14.99
0,Ngunguru,32.0,NZ,1538549901.0,99.0,-35.62,174.5,59.76,59.76,10.65
0,Jamestown,100.0,AU,1538549901.0,69.0,-33.21,138.6,61.74,61.74,12.88
0,Mayo,5.0,CA,1538546400.0,58.0,63.59,-135.9,28.4,28.4,6.93
0,Gravdal,40.0,NO,1538547600.0,100.0,59.79,5.78,46.4,44.76,2.24
0,Lulea,75.0,SE,1538547600.0,86.0,65.58,22.15,33.8,33.8,8.05
0,Hermanus,0.0,ZA,1538549902.0,74.0,-34.42,19.24,52.92,52.92,6.73
0,Vaini,44.0,IN,1538549902.0,81.0,15.34,74.49,83.25,83.25,2.15
0,Port Alfred,92.0,ZA,1538549902.0,97.0,-33.59,26.89,60.21,60.21,12.77
0,Carnarvon,0.0,ZA,1538549903.0,59.0,-30.97,22.13,43.29,43.29,19.48
0,Tuktoyaktuk,90.0,CA,1538546400.0,100.0,69.44,-133.03,23.0,23.0,10.29
0,Ribeira Grande,20.0,PT,1538548200.0,83.0,38.52,-28.7,69.8,69.8,16.11
0,Mar del Plata,32.0,AR,1538549903.0,59.0,-46.43,-67.52,44.73,44.73,16.91
0,Ushuaia,40.0,AR,1538546400.0,93.0,-54.81,-68.31,35.6,35.6,31.09
0,Port-Gentil,20.0,GA,1538546400.0,94.0,-0.72,8.78,73.4,73.4,4.27
0,Torbay,5.0,CA,1538546400.0,100.0,47.66,-52.73,35.6,35.6,2.24
0,Aswan,0.0,EG,1538546400.0,25.0,24.09,32.9,87.8,87.8,5.82
0,Lebu,40.0,ET,1538546400.0,52.0,8.96,38.73,64.4,64.4,11.41
0,Hilo,90.0,US,1538549100.0,79.0,19.71,-155.08,78.98,61.45,11.99
0,Xingyi,80.0,CN,1538549904.0,87.0,24.19,102.82,65.52,65.52,3.38
0,Vestmannaeyjar,75.0,IS,1538547660.0,75.0,63.44,-20.27,41.0,41.0,11.41
0,Busselton,0.0,AU,1538549904.0,82.0,-33.64,115.35,67.59,67.59,19.37
0,Hithadhoo,56.0,MV,1538549905.0,100.0,-0.6,73.08,81.36,81.36,23.96
0,Keskin,8.0,TR,1538549905.0,57.0,39.67,33.62,60.84,60.84,4.05
0,Bluff,0.0,AU,1538549615.0,25.0,-23.58,149.07,84.51,84.51,8.41
0,Kapaa,40.0,US,1538546160.0,76.0,22.08,-159.32,78.98,78.98,10.29
0,Ketchikan,1.0,US,1538546160.0,15.0,55.34,-131.65,44.06,39.34,6.96
0,Lhokseumawe,32.0,ID,1538549905.0,100.0,5.18,97.15,83.79,83.79,6.73
0,Hobart,75.0,AU,1538548200.0,58.0,-42.88,147.33,53.6,53.6,24.16
0,Prieska,0.0,ZA,1538549905.0,49.0,-29.67,22.74,52.92,52.92,16.69
0,San Andres,64.0,PH,1538549906.0,100.0,13.32,122.68,83.43,83.43,4.38
0,Kodiak,1.0,US,1538549580.0,81.0,39.95,-94.76,75.02,75.02,13.87
0,Ahome,0.0,MX,1538549906.0,89.0,25.92,-109.18,78.39,78.39,6.51
0,East London,75.0,ZA,1538546400.0,76.0,-33.02,27.91,55.4,55.4,13.87
0,Prince Rupert,1.0,CA,1538546400.0,95.0,54.32,-130.32,37.4,37.4,2.24
0,Acapulco,75.0,MX,1538545440.0,83.0,16.86,-99.88,82.4,82.4,4.7
0,Charters Towers,0.0,AU,1538549907.0,49.0,-20.07,146.27,79.02,79.02,9.64
0,Dauphin,90.0,CA,1538548020.0,97.0,51.15,-100.04,32.0,32.0,4.7
0,Kahului,20.0,US,1538546160.0,68.0,20.89,-156.47,78.08,74.61,10.29
0,Huarmey,32.0,PE,1538549907.0,88.0,-10.07,-78.15,57.15,57.15,2.71
0,Baghdad,48.0,IQ,1538546400.0,27.0,33.3,44.38,89.6,89.6,8.05
0,Esperance,20.0,TT,1538546400.0,100.0,10.24,-61.45,75.2,75.2,4.94
0,Elbrus,0.0,RU,1538549908.0,98.0,43.26,42.65,41.22,41.22,1.14
0,Blyth,75.0,GB,1538547600.0,81.0,55.12,-1.5,48.2,46.76,6.93
0,Aksarka,36.0,RU,1538549663.0,94.0,66.56,67.8,38.16,38.16,10.65
0,Nara,75.0,JP,1538546400.0,42.0,34.68,135.8,80.6,77.83,2.24
0,Saldanha,0.0,PT,1538549908.0,77.0,41.42,-6.55,40.68,40.68,4.61
0,Tsabong,0.0,BW,1538549909.0,20.0,-26.02,22.4,65.07,65.07,8.3
0,Severo-Kurilsk,20.0,RU,1538549909.0,92.0,50.68,156.12,50.04,50.04,14.23
0,Bambous Virieux,40.0,MU,1538546400.0,61.0,-20.34,57.76,77.0,77.0,10.29
0,Tecoanapa,75.0,MX,1538545440.0,83.0,16.99,-99.26,82.4,82.4,4.7
0,Humaita,0.0,AR,1538546400.0,62.0,-24.93,-65.37,57.2,55.72,9.17
0,Novikovo,36.0,UA,1538549909.0,100.0,45.05,34.56,62.64,62.64,9.31
0,Naze,75.0,NG,1538546400.0,94.0,5.43,7.07,75.2,75.2,2.71
0,Tasiilaq,48.0,GL,1538545800.0,64.0,65.61,-37.64,33.8,33.8,2.24
0,Aksu,0.0,KZ,1538546400.0,62.0,52.04,76.93,51.8,51.8,4.47
0,Grindavik,0.0,IS,1538546460.0,60.0,63.84,-22.43,39.2,38.23,4.7
0,Muros,0.0,ES,1538548200.0,100.0,42.77,-9.06,46.4,46.4,5.61
0,Husavik,92.0,CA,1538549911.0,100.0,50.56,-96.99,40.23,40.23,11.32
0,San Cristobal,75.0,EC,1538546400.0,87.0,-0.39,-78.55,53.6,53.6,2.59
0,Eureka,90.0,US,1538548500.0,100.0,40.8,-124.16,59.0,57.85,3.15
0,Kaputa,8.0,ZM,1538549911.0,36.0,-8.47,29.66,77.94,77.94,3.6
0,Castro,76.0,CL,1538549912.0,94.0,-42.48,-73.76,42.57,42.57,4.16
0,Dikson,88.0,RU,1538549912.0,100.0,73.51,80.55,38.52,38.52,22.95
0,Piedade,36.0,BR,1538549912.0,93.0,-23.71,-47.43,64.53,64.53,2.04
0,Ajdabiya,92.0,LY,1538549912.0,37.0,30.75,20.22,77.22,77.22,10.65
0,Arraial do Cabo,24.0,BR,1538549912.0,93.0,-22.97,-42.02,72.81,72.81,11.77
0,Barrow,0.0,AR,1538549912.0,87.0,-38.31,-60.23,36.45,36.45,1.7
0,Hualmay,56.0,PE,1538549912.0,93.0,-11.1,-77.61,57.33,57.33,0.69
0,Vallenar,24.0,CL,1538549913.0,65.0,-28.58,-70.76,47.7,47.7,2.26
0,Iqaluit,75.0,CA,1538546400.0,100.0,63.75,-68.52,32.0,32.0,14.99
0,Moose Factory,90.0,CA,1538546400.0,75.0,51.26,-80.61,46.4,46.4,10.29
0,Tahe,0.0,CN,1538549913.0,37.0,52.34,124.71,61.29,61.29,4.16
0,Sao Joao da Barra,76.0,BR,1538549913.0,95.0,-21.64,-41.05,76.32,76.32,27.09
0,Ancud,68.0,CL,1538549913.0,92.0,-41.87,-73.83,39.69,39.69,2.93
0,Vila Franca do Campo,40.0,PT,1538548200.0,88.0,37.72,-25.43,68.0,68.0,3.36
0,Rosarito,64.0,CO,1538549914.0,94.0,4.91,-75.23,63.45,63.45,1.59
0,Nikolskoye,90.0,RU,1538546400.0,93.0,59.7,30.79,44.6,44.6,6.71
0,Saint-Raymond,76.0,CA,1538546400.0,93.0,46.89,-71.84,48.2,47.34,5.82
0,Puerto Colombia,40.0,CO,1538546400.0,100.0,10.99,-74.96,73.4,73.4,2.24
0,Dingle,64.0,PH,1538549914.0,82.0,11.0,122.67,83.61,83.61,5.61
0,Sydney,68.0,AU,1538548200.0,49.0,-33.85,151.22,75.2,74.37,6.93
0,Gimli,92.0,CA,1538549915.0,100.0,50.63,-96.99,40.23,40.23,11.32
0,Pisco,20.0,PE,1538546400.0,93.0,-13.71,-76.2,60.8,60.8,4.7
0,Coquimbo,0.0,CL,1538546400.0,93.0,-29.95,-71.34,50.0,50.0,2.24
0,Atuona,68.0,PF,1538549915.0,100.0,-9.8,-139.03,77.22,77.22,11.88
0,Hamilton,75.0,BM,1538546100.0,74.0,32.3,-64.78,78.8,78.8,20.8
0,Betanzos,0.0,ES,1538548200.0,93.0,43.28,-8.21,48.2,47.23,8.05
0,Osmena,76.0,PH,1538549916.0,100.0,12.17,124.59,78.75,78.75,5.06
0,Dargaville,88.0,NZ,1538549916.0,97.0,-35.94,173.86,57.96,57.96,4.94
0,Kahta,0.0,TR,1538547600.0,33.0,37.78,38.62,77.0,76.05,3.36
0,Butaritari,0.0,KI,1538549916.0,100.0,3.07,172.79,85.32,85.32,3.83
0,Hambantota,0.0,LK,1538549916.0,97.0,6.12,81.12,83.34,83.34,2.26
0,Aktau,0.0,KZ,1538546400.0,25.0,43.65,51.16,77.0,77.0,13.42
0,Dornoch,75.0,GB,1538547600.0,87.0,57.88,-4.03,46.4,45.23,2.24
0,Ilulissat,0.0,GL,1538545800.0,42.0,69.22,-51.1,26.6,26.6,6.93
0,Padang,12.0,ID,1538549917.0,100.0,-0.92,100.36,81.81,81.81,8.3
0,Honiara,75.0,SB,1538546400.0,79.0,-9.43,159.96,84.2,84.2,6.93
0,Port Elizabeth,75.0,US,1538546160.0,81.0,39.31,-74.98,73.94,68.9,14.99
0,San Patricio,76.0,PY,1538549918.0,94.0,-26.98,-56.83,63.27,63.27,4.72
0,Keetmanshoop,0.0,NA,1538546400.0,34.0,-26.57,18.15,59.0,59.0,5.17
0,Cherskiy,48.0,RU,1538549918.0,76.0,68.75,161.3,41.85,41.85,3.15
0,Pudozh,44.0,RU,1538549918.0,95.0,61.81,36.54,44.19,44.19,5.06
0,Sarangani,12.0,PH,1538549918.0,95.0,5.4,125.46,84.51,84.51,8.41
0,Mangrol,0.0,IN,1538549918.0,52.0,25.33,76.51,92.7,92.7,5.17
0,Avarua,40.0,CK,1538546400.0,52.0,-21.21,-159.78,69.8,69.8,13.87
0,Saint George,40.0,GR,1538547600.0,77.0,39.45,22.34,64.4,64.4,1.92
0,Torrington,1.0,US,1538545980.0,48.0,42.06,-104.18,66.92,61.14,7.74
0,Somerset,90.0,US,1538548620.0,100.0,37.09,-84.6,66.2,64.51,4.38
0,Pevek,0.0,RU,1538549919.0,94.0,69.7,170.27,42.3,42.3,4.5
0,Pano Polemidia,20.0,CY,1538548200.0,57.0,34.7,33.0,82.4,79.2,2.24
0,Phek,36.0,IN,1538549920.0,72.0,25.7,94.46,77.04,77.04,2.37
0,High Rock,64.0,BS,1538549920.0,100.0,26.63,-78.28,82.17,82.17,18.25
0,Ternate,40.0,PH,1538546400.0,49.0,14.29,120.72,91.4,91.4,4.7
0,Provideniya,90.0,RU,1538544600.0,87.0,64.42,-173.23,50.0,50.0,15.66
0,At-Bashi,0.0,KG,1538549673.0,48.0,41.17,75.81,53.73,53.73,0.58
0,Mitsamiouli,20.0,KM,1538546400.0,74.0,-11.38,43.28,78.8,78.8,8.05
0,Dongsheng,8.0,CN,1538549921.0,57.0,29.72,112.52,79.83,79.83,4.61
0,Reconquista,0.0,AR,1538549921.0,72.0,-29.14,-59.64,53.55,53.55,10.09
0,Karratha,20.0,AU,1538549921.0,18.0,-20.74,116.85,96.75,96.75,8.19
0,Tiksi,48.0,RU,1538549921.0,91.0,71.64,128.87,30.51,30.51,10.98
0,Souillac,90.0,FR,1538548200.0,82.0,45.6,-0.6,59.0,57.02,3.36
0,Jalu,0.0,LY,1538549921.0,33.0,29.03,21.55,77.76,77.76,12.77
0,Takoradi,56.0,GH,1538549921.0,99.0,4.89,-1.75,75.96,75.96,4.72
0,Las Vegas,20.0,US,1538547300.0,64.0,36.17,-115.15,80.06,76.71,6.93
0,Manitouwadge,92.0,CA,1538549922.0,76.0,49.12,-85.84,42.75,42.75,6.62
0,Beroroha,0.0,MG,1538549922.0,46.0,-21.68,45.17,80.37,80.37,4.16
0,Concordia,76.0,AR,1538549922.0,84.0,-31.4,-58.02,49.86,49.86,9.53
0,Whitehorse,40.0,CA,1538546400.0,63.0,60.72,-135.06,26.6,26.6,3.36
0,Otjiwarongo,0.0,NA,1538546400.0,30.0,-20.46,16.65,73.4,73.4,4.7
0,Biak,32.0,ID,1538549923.0,78.0,-0.91,122.88,83.07,83.07,6.73
0,Honningsvag,75.0,NO,1538545800.0,86.0,70.98,25.97,39.2,39.2,8.05
0,Qaanaaq,0.0,GL,1538549923.0,100.0,77.48,-69.36,20.43,20.43,7.74
0,Port Hedland,0.0,AU,1538548200.0,36.0,-20.31,118.58,91.4,91.4,19.46
0,Kihei,20.0,US,1538546160.0,68.0,20.76,-156.45,78.08,74.71,10.29
0,Sibu,75.0,MY,1538546400.0,94.0,2.29,111.83,78.8,78.8,3.36
0,Bar Harbor,90.0,US,1538549160.0,100.0,44.39,-68.2,50.0,48.65,4.7
0,Buraydah,0.0,SA,1538546400.0,32.0,26.33,43.97,84.2,84.2,4.7
0,Kempsey,64.0,AU,1538549924.0,82.0,-31.08,152.84,68.85,68.85,8.97
0,Iquitos,0.0,PE,1538546400.0,94.0,-3.75,-73.25,75.2,75.2,1.12
0,Codrington,0.0,AU,1538549924.0,65.0,-28.95,153.24,72.09,72.09,3.38
0,Aketi,80.0,CD,1538549924.0,100.0,2.74,23.78,70.29,70.29,3.15
0,Buala,64.0,SB,1538549924.0,94.0,-8.15,159.59,82.08,82.08,4.05
0,Lerik,0.0,AZ,1538548200.0,38.0,38.78,48.42,77.0,75.36,6.93
0,Talnakh,0.0,RU,1538549925.0,100.0,69.49,88.39,33.84,33.84,8.97
0,Nha Trang,92.0,VN,1538549925.0,100.0,12.24,109.19,80.1,80.1,2.48
0,Pearl Lagoon,88.0,NI,1538549925.0,100.0,12.34,-83.67,78.57,78.57,10.2
0,Mackay,75.0,CA,1538546400.0,73.0,53.65,-115.58,24.8,24.8,11.41
0,Nome,1.0,US,1538548020.0,93.0,30.04,-94.42,75.92,73.67,3.04
0,Luan,0.0,CH,1538547600.0,87.0,46.36,6.98,44.6,44.13,3.36
0,Cidreira,92.0,BR,1538549926.0,100.0,-30.17,-50.22,61.47,61.47,10.76
0,College,1.0,US,1538546280.0,16.0,64.86,-147.8,39.74,37.29,3.36
0,Hasaki,75.0,JP,1538546400.0,83.0,35.73,140.83,71.6,70.65,9.17
0,Lompoc,20.0,US,1538546280.0,78.0,34.64,-120.46,69.98,66.69,14.99
0,Sumbe,36.0,AO,1538549926.0,100.0,-11.2,13.84,70.83,70.83,1.14
0,Sisimiut,44.0,GL,1538549926.0,100.0,66.94,-53.67,16.74,16.74,4.16
0,Plettenberg Bay,92.0,ZA,1538549927.0,100.0,-34.05,23.37,60.03,60.03,5.73
0,Longyearbyen,40.0,NO,1538547600.0,85.0,78.22,15.63,24.8,24.8,4.05
0,Yulara,40.0,AU,1538546400.0,26.0,-25.24,130.99,84.2,84.2,12.75
0,Airai,80.0,TL,1538549927.0,52.0,-8.93,125.41,80.55,80.55,0.92
0,Pringsewu,12.0,ID,1538549927.0,84.0,-5.36,104.98,82.89,82.89,3.6
0,Luderitz,0.0,NA,1538549927.0,78.0,-26.65,15.16,57.87,57.87,12.88
0,Bakchar,8.0,RU,1538549664.0,57.0,57.02,82.07,49.59,49.59,6.4
0,Valdivia,75.0,CL,1538546400.0,100.0,-39.81,-73.25,39.2,39.2,2.24
0,Lagoa,20.0,PT,1538548200.0,94.0,37.14,-8.45,68.0,68.0,8.05
0,Roald,75.0,NO,1538547600.0,81.0,62.58,6.12,44.6,42.73,9.17
0,Fairbanks,1.0,US,1538546280.0,16.0,64.84,-147.72,39.74,37.27,3.36
0,Caravelas,76.0,BR,1538549928.0,100.0,-17.73,-39.27,76.86,76.86,14.45
0,Hobyo,56.0,SO,1538549928.0,79.0,5.35,48.53,79.11,79.11,13.0
0,Kisanga,12.0,CD,1538549929.0,54.0,-11.72,27.4,69.3,69.3,9.42
0,Tarauaca,24.0,BR,1538549929.0,94.0,-8.16,-70.77,74.07,74.07,2.59
0,Sebinkarahisar,0.0,TR,1538549929.0,67.0,40.29,38.42,54.27,54.27,2.71
0,Bam,0.0,IR,1538549929.0,13.0,29.11,58.36,81.9,81.9,4.27
0,Cabo San Lucas,0.0,MX,1538549929.0,100.0,22.89,-109.91,83.07,83.07,8.19
0,Tarakan,12.0,ID,1538549704.0,81.0,3.3,117.63,87.12,87.12,2.37
0,Mount Pleasant,1.0,US,1538547300.0,91.0,33.16,-94.97,75.74,73.71,3.36
0,Tigil,48.0,RU,1538549930.0,65.0,57.8,158.67,45.81,45.81,11.88
0,Awbari,0.0,LY,1538549930.0,58.0,26.59,12.77,70.92,70.92,3.04
0,Isangel,0.0,VU,1538549931.0,100.0,-19.55,169.27,73.35,73.35,14.45
0,Sitka,20.0,US,1538549931.0,57.0,37.17,-99.65,76.32,76.32,19.26
0,Lukuledi,0.0,TZ,1538549931.0,74.0,-10.57,38.8,74.07,74.07,4.16
0,Ayr,75.0,GB,1538547600.0,100.0,55.46,-4.63,51.8,49.82,5.82
0,Marzuq,0.0,YE,1538549931.0,34.0,14.4,46.47,76.68,76.68,3.49
0,Mana,90.0,RS,1538548200.0,100.0,43.52,20.24,46.4,44.51,2.71
0,Zabol,0.0,IR,1538546400.0,15.0,31.03,61.49,87.8,87.8,26.4
0,Victoria,75.0,BN,1538548200.0,79.0,5.28,115.24,87.8,86.02,3.36
0,Guerrero Negro,0.0,MX,1538549932.0,97.0,27.97,-114.04,63.99,63.99,2.48
0,Waipawa,68.0,NZ,1538549932.0,52.0,-39.94,176.59,59.85,59.85,1.14
0,Englehart,90.0,CA,1538546400.0,87.0,47.82,-79.87,46.4,46.4,4.7
0,Brae,20.0,GB,1538547600.0,52.0,60.4,-1.35,46.4,44.1,5.82
0,Raver,0.0,IN,1538549933.0,71.0,21.25,76.04,90.81,90.81,4.16
0,Khandyga,88.0,RU,1538549933.0,78.0,62.65,135.58,39.24,39.24,4.16
0,Batagay-Alyta,24.0,RU,1538549933.0,86.0,67.8,130.41,22.41,22.41,3.6
0,Mocuba,0.0,MZ,1538549933.0,66.0,-16.84,36.99,77.31,77.31,4.16
0,Salisbury,20.0,GB,1538547600.0,100.0,51.07,-1.8,51.8,50.32,3.36
0,Andapa,0.0,MG,1538549934.0,55.0,-14.66,49.65,76.05,76.05,3.38
0,Cayenne,0.0,GF,1538548200.0,100.0,4.94,-52.33,71.6,71.6,8.75
0,Leningradskiy,32.0,RU,1538549934.0,87.0,69.38,178.42,41.4,41.4,16.46
0,Kibre Mengist,92.0,ET,1538549934.0,100.0,5.87,38.99,59.49,59.49,0.81
0,Vryburg,0.0,ZA,1538549934.0,23.0,-26.96,24.73,64.62,64.62,10.98
0,Clyde River,90.0,CA,1538546400.0,86.0,70.47,-68.59,26.6,26.6,6.93
0,Port Lincoln,76.0,AU,1538549935.0,90.0,-34.72,135.86,57.69,57.69,20.04
0,Morehead,1.0,US,1538545980.0,93.0,38.18,-83.43,66.92,66.92,4.38
0,Coahuayana,36.0,MX,1538549935.0,80.0,18.62,-100.35,66.96,66.96,1.92
0,Ossora,68.0,RU,1538549852.0,100.0,59.24,163.07,43.11,43.11,10.98
0,Kavaratti,0.0,IN,1538549935.0,100.0,10.57,72.64,83.61,83.61,3.94
0,Melfi,90.0,IT,1538546100.0,87.0,41.0,15.66,60.8,55.8,13.87
0,Norman Wells,20.0,CA,1538546400.0,73.0,65.28,-126.83,26.6,26.6,4.7
0,Trelew,0.0,AR,1538549936.0,36.0,-43.25,-65.31,45.27,45.27,16.91
0,Vagur,92.0,FO,1538549936.0,100.0,61.47,-6.81,47.34,47.34,6.4
0,Chokurdakh,24.0,RU,1538549785.0,92.0,70.62,147.9,34.74,34.74,8.41
0,Faanui,24.0,PF,1538549936.0,100.0,-16.48,-151.75,77.31,77.31,26.87
0,Lavras,20.0,BR,1538549936.0,85.0,-21.24,-45.0,64.26,64.26,2.93
0,Deputatskiy,88.0,RU,1538549936.0,87.0,69.3,139.9,25.65,25.65,10.09
0,Sura,0.0,IN,1538549936.0,77.0,30.03,77.1,83.97,83.97,4.61
0,Coihaique,0.0,CL,1538546400.0,75.0,-45.58,-72.07,42.8,39.72,3.36
0,Kloulklubed,75.0,PW,1538545800.0,74.0,7.04,134.26,84.2,84.2,5.82
0,Mabaruma,36.0,GY,1538549937.0,96.0,8.2,-59.78,78.57,78.57,6.29
0,Auki,0.0,NG,1538549937.0,95.0,12.18,6.51,72.9,72.9,9.08
0,Cockburn Town,68.0,TC,1538549937.0,100.0,21.46,-71.14,81.81,81.81,7.4
0,Maniitsoq,88.0,GL,1538549937.0,100.0,65.42,-52.9,29.61,29.61,10.2
0,Totonicapan,12.0,GT,1538549938.0,95.0,14.92,-91.37,53.19,53.19,2.15
0,Athabasca,0.0,CA,1538549757.0,65.0,54.72,-113.29,22.86,22.86,8.63
0,Carutapera,8.0,BR,1538549938.0,83.0,-1.2,-46.02,78.93,78.93,10.2
0,Kyabe,0.0,TD,1538549938.0,81.0,9.45,18.94,75.06,75.06,9.75
0,Port Hardy,5.0,CA,1538546400.0,84.0,50.7,-127.42,35.6,35.6,5.82
0,Gizo,20.0,IL,1538547600.0,74.0,31.8,34.94,82.4,81.66,5.82
0,Palora,92.0,EC,1538549938.0,97.0,-1.7,-77.97,63.0,63.0,1.92
0,Lekoni,92.0,GA,1538549939.0,100.0,-1.58,14.26,69.75,69.75,4.5
0,Orlik,92.0,RU,1538549939.0,74.0,52.51,99.83,28.89,28.89,2.59
0,Port Keats,0.0,AU,1538549939.0,55.0,-14.25,129.55,92.97,92.97,2.26
0,Fukue,75.0,JP,1538546400.0,50.0,35.03,136.69,75.2,75.2,8.05
0,Constitucion,0.0,MX,1538549939.0,80.0,23.99,-104.67,51.21,51.21,2.26
0,Salur,0.0,IN,1538549939.0,74.0,18.52,83.21,90.09,90.09,3.27
0,Massakory,0.0,TD,1538549940.0,81.0,13.0,15.73,77.13,77.13,2.93
0,Nioro,0.0,GM,1538549940.0,96.0,13.79,-15.05,73.71,73.71,2.93
0,Grand Gaube,40.0,MU,1538546400.0,61.0,-20.01,57.66,77.0,77.0,10.29
0,Marrakesh,0.0,MA,1538548200.0,72.0,31.63,-7.99,66.2,66.2,3.36
0,Alekseyevsk,92.0,RU,1538549940.0,100.0,57.84,108.35,39.69,39.69,5.5
0,Kruisfontein,100.0,ZA,1538549941.0,80.0,-34.0,24.73,60.75,60.75,8.75
0,Bandundu,44.0,CD,1538549941.0,91.0,-3.32,17.38,75.51,75.51,4.16
0,Panaba,36.0,MX,1538549941.0,86.0,21.28,-88.27,76.59,76.59,4.38
0,Xinmin,0.0,CN,1538546400.0,50.0,42.0,122.83,75.2,75.2,2.24
0,Geraldton,90.0,CA,1538546400.0,93.0,49.72,-86.95,44.6,44.6,5.82
0,Jambi,36.0,ID,1538549799.0,96.0,-1.6,103.62,84.15,84.15,3.15
0,Great Yarmouth,20.0,GB,1538547600.0,93.0,52.61,1.73,44.6,44.6,3.36
0,Henties Bay,92.0,NA,1538549942.0,89.0,-22.12,14.28,60.39,60.39,5.17
0,Paraiso,0.0,MX,1538549942.0,80.0,24.01,-104.61,51.21,51.21,2.26
0,Mahebourg,40.0,MU,1538546400.0,61.0,-20.41,57.7,77.0,77.0,10.29
0,Dudinka,36.0,RU,1538549943.0,94.0,69.41,86.18,34.29,34.29,5.84
0,Mayumba,92.0,GA,1538549943.0,99.0,-3.44,10.65,75.42,75.42,3.04
0,Waingapu,8.0,ID,1538549943.0,42.0,-9.65,120.26,89.01,89.01,12.21
0,Krasnovishersk,92.0,RU,1538549943.0,99.0,60.4,57.08,43.02,43.02,13.33
0,Umm Kaddadah,0.0,SD,1538549943.0,72.0,13.6,26.69,76.23,76.23,9.86
0,Pandan,32.0,PH,1538549943.0,100.0,11.72,122.09,81.18,81.18,5.61
0,Kursavka,20.0,RU,1538546400.0,68.0,44.46,42.51,68.0,68.0,4.47
0,Aguimes,20.0,ES,1538548200.0,78.0,27.91,-15.45,71.6,71.6,9.17
0,Gazli,0.0,UZ,1538549944.0,38.0,40.13,63.45,73.71,73.71,16.91
0,Pundaguitan,0.0,PH,1538549944.0,95.0,6.37,126.17,84.87,84.87,10.42
0,Gat,0.0,SN,1538546400.0,94.0,14.69,-16.54,78.8,78.8,2.24
0,Kaitangata,0.0,NZ,1538549944.0,61.0,-46.28,169.85,53.55,53.55,13.33
0,Chuy,0.0,UY,1538549944.0,95.0,-33.69,-53.46,43.74,43.74,2.04
0,Lazaro Cardenas,64.0,MX,1538549945.0,44.0,28.39,-105.62,76.5,76.5,8.41
0,Nelson Bay,0.0,AU,1538548200.0,60.0,-32.72,152.14,73.4,73.4,10.29
0,Vila,0.0,IT,1538547600.0,93.0,45.18,8.4,46.4,45.14,3.36
0,Tadine,0.0,NC,1538549945.0,99.0,-21.55,167.88,71.1,71.1,17.02
0,Beringovskiy,92.0,RU,1538549946.0,98.0,63.05,179.32,46.35,46.35,15.68
0,Kuminskiy,32.0,RU,1538549946.0,77.0,58.67,66.57,49.14,49.14,6.51
0,Sao Filipe,8.0,CV,1538549946.0,97.0,14.9,-24.5,78.3,78.3,12.66
0,Sungairaya,24.0,ID,1538549946.0,92.0,0.7,108.9,82.44,82.44,4.16
0,Opunake,24.0,NZ,1538549946.0,91.0,-39.45,173.86,54.72,54.72,11.88
0,Kalaleh,0.0,IR,1538549946.0,63.0,37.38,55.49,78.84,78.84,4.16
0,Nantucket,90.0,US,1538549280.0,100.0,41.28,-70.1,66.92,65.93,5.82
0,Starodub,92.0,RU,1538549947.0,98.0,52.58,32.76,47.16,47.16,9.19
0,Linhai,0.0,CN,1538549947.0,43.0,28.86,121.14,78.39,78.39,9.64
0,Laguna,0.0,MX,1538549947.0,76.0,27.52,-110.01,75.96,75.96,3.15
0,Moron,92.0,VE,1538549947.0,96.0,10.49,-68.2,72.27,72.27,2.71
0,Kondinskoye,24.0,RU,1538549948.0,77.0,59.65,67.41,49.32,49.32,6.96
0,Salalah,0.0,OM,1538545800.0,42.0,17.01,54.1,86.0,86.0,8.05
0,Opuwo,0.0,NA,1538549948.0,29.0,-18.06,13.84,68.31,68.31,7.07
0,Tonantins,92.0,BR,1538549948.0,91.0,-2.86,-67.77,75.42,75.42,2.15
0,Ahipara,64.0,NZ,1538549948.0,89.0,-35.17,173.16,58.86,58.86,3.38
0,Jidong,0.0,CN,1538549948.0,45.0,45.25,131.14,61.74,61.74,4.94
0,Half Moon Bay,40.0,US,1538548800.0,72.0,37.46,-122.43,69.98,68.14,5.61
0,Alta Floresta,80.0,BR,1538549949.0,96.0,-9.87,-56.08,71.37,71.37,2.15
0,Voi,92.0,KE,1538549949.0,99.0,-3.4,38.57,66.33,66.33,4.16
0,Kabo,32.0,CF,1538549949.0,97.0,7.69,18.62,71.46,71.46,7.4
0,Kieta,64.0,PG,1538549949.0,100.0,-6.22,155.63,78.75,78.75,3.71
0,Poughkeepsie,40.0,US,1538548140.0,96.0,41.71,-73.93,62.96,61.92,4.38
0,Remontnoye,0.0,RU,1538546400.0,77.0,46.56,43.66,66.2,66.2,8.95
0,Kavieng,48.0,PG,1538549950.0,100.0,-2.57,150.8,84.42,84.42,1.81
0,Taltal,76.0,CL,1538549950.0,85.0,-25.41,-70.49,53.01,53.01,2.15
0,Buldana,12.0,IN,1538549950.0,61.0,20.53,76.18,90.45,90.45,6.17
0,Nanortalik,92.0,GL,1538549950.0,100.0,60.14,-45.24,33.39,33.39,2.82
0,Morondava,0.0,MG,1538549950.0,71.0,-20.3,44.28,80.37,80.37,3.94
0,Rio Claro,8.0,BR,1538549951.0,79.0,-22.41,-47.56,67.68,67.68,3.27
0,Jalingo,24.0,NG,1538549951.0,90.0,10.3,10.93,73.8,73.8,10.65
0,Pindwara,0.0,IN,1538549951.0,46.0,24.79,73.05,90.81,90.81,4.94
0,Barcelos,0.0,PT,1538548200.0,53.0,41.53,-8.62,66.2,58.35,11.41
0,Lagos,40.0,NG,1538546400.0,94.0,6.46,3.39,77.0,77.0,2.24
0,Bereda,0.0,ES,1538548200.0,93.0,43.27,-7.54,48.2,48.2,8.05
0,Mongomo,92.0,GA,1538549952.0,98.0,1.63,11.31,70.83,70.83,2.82
0,Mettur,12.0,IN,1538549952.0,65.0,11.8,77.8,87.39,87.39,4.05
0,Oak Ridge,90.0,US,1538547840.0,100.0,36.01,-84.27,66.02,65.46,2.59
0,Kirakira,92.0,SB,1538549952.0,100.0,-10.46,161.92,80.82,80.82,13.67
0,Romuli,88.0,RO,1538549953.0,93.0,47.55,24.44,38.16,38.16,4.38
0,Gazojak,0.0,TM,1538549953.0,35.0,41.19,61.4,76.41,76.41,8.86
0,Egvekinot,88.0,RU,1538549953.0,96.0,66.32,-179.17,44.1,44.1,8.19
0,Kununurra,40.0,AU,1538548200.0,26.0,-15.77,128.74,96.8,96.8,8.05
0,Batemans Bay,12.0,AU,1538549953.0,55.0,-35.71,150.18,72.72,72.72,6.06
0,Omsukchan,88.0,RU,1538549953.0,84.0,62.53,155.8,30.51,30.51,4.38
0,Katsuura,75.0,JP,1538546400.0,56.0,33.93,134.5,71.6,71.6,6.93
0,Port Augusta,90.0,AU,1538546400.0,82.0,-32.49,137.76,60.8,60.8,20.8
0,Hay River,40.0,CA,1538546400.0,63.0,60.82,-115.79,28.4,28.4,10.29
0,Merauke,88.0,ID,1538549954.0,72.0,-8.49,140.4,83.61,83.61,16.69
0,Okrika,80.0,NG,1538549954.0,98.0,5.52,7.78,73.89,73.89,3.38
0,Nosy Varika,0.0,MG,1538549954.0,90.0,-20.58,48.53,74.16,74.16,5.06
0,Myitkyina,100.0,MM,1538549954.0,100.0,25.38,97.4,72.99,72.99,2.71
0,Chor,0.0,PK,1538549955.0,48.0,25.52,69.77,91.98,91.98,6.85
0,Laurel,90.0,US,1538549580.0,92.0,45.67,-108.77,44.96,44.96,3.36
0,Anloga,40.0,GH,1538546400.0,94.0,5.79,0.9,77.0,77.0,4.7
0,Edd,0.0,ER,1538549955.0,37.0,13.93,41.69,89.01,89.01,3.38
0,Broken Hill,88.0,AU,1538549955.0,60.0,-31.97,141.45,69.21,69.21,11.65
0,Yar-Sale,24.0,RU,1538549663.0,100.0,66.83,70.83,40.41,40.41,11.21
0,Pacific Grove,1.0,US,1538548500.0,77.0,36.62,-121.92,64.94,63.9,3.6
0,Karpathos,20.0,GR,1538547600.0,69.0,35.51,27.21,75.2,75.2,2.24
0,Eyrarbakki,75.0,IS,1538547660.0,75.0,63.86,-21.15,41.0,39.11,11.41
0,San Quintin,20.0,PH,1538546400.0,55.0,17.54,120.52,86.0,86.0,9.17
0,Jasper,1.0,US,1538548500.0,100.0,33.83,-87.28,71.06,69.55,2.26
0,Nouadhibou,56.0,MR,1538546400.0,64.0,20.93,-17.03,75.2,75.2,11.41
0,Alofi,0.0,NU,1538546400.0,73.0,-19.06,-169.92,75.2,75.2,13.87
0,Ukiah,1.0,US,1538546160.0,90.0,39.15,-123.21,62.96,62.96,3.36
0,Fort Nelson,75.0,CA,1538546400.0,71.0,58.81,-122.69,32.0,32.0,3.36
0,Paamiut,92.0,GL,1538549957.0,100.0,61.99,-49.67,36.72,36.72,5.84
0,Bhag,0.0,PK,1538549957.0,45.0,29.04,67.82,88.74,88.74,5.61
0,Bowen,40.0,AU,1538546400.0,53.0,-20.01,148.25,77.0,77.0,14.99
0,Christchurch,0.0,NZ,1538548200.0,87.0,-43.53,172.64,51.8,51.8,11.41
0,Santa Cruz,1.0,US,1538548800.0,77.0,36.97,-122.03,69.98,66.09,2.37
0,Zhigansk,76.0,RU,1538549959.0,92.0,66.77,123.37,38.34,38.34,4.94
0,Tual,32.0,ID,1538549959.0,95.0,-5.67,132.75,82.35,82.35,12.33
0,Dwarka,0.0,IN,1538546400.0,41.0,28.58,77.04,91.4,91.4,5.82
0,Evensk,68.0,RU,1538549959.0,96.0,61.92,159.24,46.62,46.62,10.2
0,Ngozi,88.0,BI,1538549959.0,42.0,-2.91,29.82,73.17,73.17,6.17
0,Innisfail,90.0,CA,1538546400.0,92.0,52.02,-113.95,26.6,26.6,5.82
0,Westport,90.0,IE,1538548200.0,100.0,53.8,-9.52,51.8,51.8,3.36
0,Ostrovnoy,68.0,RU,1538549960.0,87.0,68.05,39.51,34.2,34.2,8.86
0,Ust-Tsilma,80.0,RU,1538549960.0,91.0,65.44,52.15,44.46,44.46,7.96
0,Yuncheng,0.0,CN,1538549960.0,44.0,35.03,111.0,72.36,72.36,3.6
0,Quatre Cocos,40.0,MU,1538546400.0,61.0,-20.21,57.76,77.0,77.0,10.29
0,Skegness,75.0,GB,1538547600.0,87.0,53.14,0.34,51.8,48.22,10.29
0,Dong Hoi,76.0,VN,1538549961.0,98.0,17.48,106.6,81.9,81.9,12.1
0,Hudson Bay,48.0,CA,1538549961.0,85.0,52.86,-102.4,22.95,22.95,3.6
0,Grootfontein,0.0,NA,1538546400.0,40.0,-19.56,18.1,73.4,73.4,6.93
0,Pangoa,44.0,PE,1538549961.0,99.0,-12.12,-73.0,64.17,64.17,2.04
0,Moussoro,0.0,TD,1538549961.0,75.0,13.64,16.49,79.02,79.02,5.5
0,Graaff-Reinet,8.0,ZA,1538549961.0,85.0,-32.25,24.53,47.34,47.34,5.61
0,Botngard,75.0,NO,1538547600.0,81.0,63.77,9.81,44.6,42.55,17.22
0,Capitan Bado,92.0,PY,1538549962.0,93.0,-23.27,-55.53,74.7,74.7,4.72
0,Marawi,36.0,PH,1538549962.0,89.0,8.0,124.29,77.22,77.22,3.38
0,Zhezkazgan,0.0,KZ,1538548200.0,27.0,47.8,67.71,64.4,64.4,13.42
0,Lasa,20.0,CY,1538548200.0,57.0,34.92,32.53,80.6,79.45,2.24
0,Creel,24.0,MX,1538549962.0,96.0,27.75,-107.63,51.93,51.93,1.36
0,Kutum,0.0,SD,1538549963.0,28.0,14.2,24.66,84.78,84.78,13.44
0,Okhotsk,0.0,RU,1538549963.0,80.0,59.36,143.24,47.61,47.61,4.38
0,Vostok,0.0,RU,1538549963.0,54.0,46.45,135.83,51.75,51.75,6.17
0,Tooele,1.0,US,1538547300.0,100.0,40.53,-112.3,59.0,58.68,3.36
0,Xuddur,0.0,SO,1538549963.0,65.0,4.12,43.89,77.22,77.22,11.1
0,Ayan,8.0,TR,1538549963.0,69.0,40.67,33.6,55.17,55.17,2.26
0,Muisne,56.0,EC,1538549963.0,97.0,0.61,-80.02,69.66,69.66,5.17
0,Coos Bay,1.0,US,1538547300.0,92.0,43.37,-124.22,51.08,49.5,3.15
0,Jawhar,0.0,IN,1538549964.0,79.0,19.91,73.23,89.82,89.82,4.05
0,Matara,0.0,PE,1538549964.0,89.0,-13.74,-72.9,33.12,33.12,1.7
0,Port Angeles,1.0,US,1538546400.0,88.0,48.12,-123.43,48.92,45.9,8.05
0,Gaoua,80.0,BF,1538549964.0,97.0,10.33,-3.18,69.57,69.57,8.19
0,Malaya Purga,80.0,RU,1538549964.0,82.0,56.55,53.01,47.07,47.07,10.76
0,Saint-Joseph,0.0,FR,1538548200.0,66.0,43.56,6.97,60.8,53.65,3.36
0,Aklavik,5.0,CA,1538546400.0,85.0,68.22,-135.01,24.8,24.8,10.29
0,Marsa Matruh,40.0,EG,1538546400.0,69.0,31.35,27.25,75.2,75.2,6.96
0,Kyaukse,90.0,MM,1538544600.0,94.0,21.6,96.13,78.8,78.8,5.82
0,Touros,100.0,BR,1538549965.0,98.0,-5.2,-35.46,75.06,75.06,10.09
0,La Ronge,90.0,CA,1538546400.0,58.0,55.1,-105.3,30.2,30.2,4.7
0,Buenos Aires,0.0,AR,1538546400.0,76.0,-34.61,-58.44,50.0,49.1,8.75
0,Jiazi,40.0,CN,1538546400.0,62.0,19.61,110.49,86.0,86.0,15.66
0,Beberibe,40.0,BR,1538550000.0,78.0,-4.18,-38.13,78.8,78.8,13.87
0,Mae Tha,40.0,TH,1538548200.0,62.0,18.46,99.14,87.8,87.04,5.82
0,Manzhouli,0.0,CN,1538549966.0,35.0,49.6,117.43,68.85,68.85,8.41
0,Toora-Khem,92.0,RU,1538549967.0,75.0,52.47,96.11,33.57,33.57,9.19
0,Santa Marta,68.0,CO,1538549967.0,100.0,11.24,-74.21,80.91,80.91,9.08
0,Tynda,0.0,RU,1538549967.0,38.0,55.15,124.74,55.44,55.44,4.27
0,Ongandjera,0.0,NA,1538549967.0,30.0,-17.88,15.07,68.67,68.67,11.54
0,Jinchang,0.0,CN,1538549968.0,56.0,38.52,102.19,56.34,56.34,4.38
0,Surt,0.0,LY,1538549968.0,100.0,31.21,16.59,71.1,71.1,9.64
0,Nikel,0.0,NO,1538547600.0,94.0,69.41,30.21,32.0,32.0,20.8
0,Santa Maria,92.0,BR,1538549969.0,98.0,-29.69,-53.81,56.79,56.79,8.63
0,Hami,20.0,CN,1538549969.0,39.0,42.84,93.51,70.65,70.65,2.59
0,Laramie,1.0,US,1538546280.0,66.0,41.31,-105.59,55.94,53.85,8.05
0,Shamli,0.0,IN,1538549969.0,79.0,29.45,77.31,85.5,85.5,4.61
0,Yangambi,92.0,CD,1538549970.0,93.0,0.77,24.47,74.25,74.25,2.71
0,Puerto Narino,75.0,CO,1538546400.0,94.0,-3.77,-70.38,77.0,77.0,4.7
0,Alyangula,0.0,AU,1538549970.0,83.0,-13.85,136.42,83.52,83.52,13.44
0,Bundibugyo,8.0,UG,1538549970.0,93.0,0.71,30.06,68.04,68.04,2.37
0,Los Llanos de Aridane,75.0,ES,1538548200.0,69.0,28.66,-17.92,73.4,73.4,6.93
0,Belaya Gora,48.0,RU,1538549970.0,89.0,68.54,146.19,32.94,32.94,9.75
0,Buchanan,100.0,LR,1538549971.0,100.0,5.88,-10.05,74.61,74.61,3.83
0,Athy,75.0,IE,1538548200.0,93.0,52.99,-6.98,53.6,52.61,11.41
0,Barroquinha,0.0,BR,1538549971.0,77.0,-3.02,-41.13,76.59,76.59,17.81
0,Alto Araguaia,8.0,BR,1538549971.0,89.0,-17.32,-53.22,67.59,67.59,2.59
0,Yukhnov,8.0,RU,1538549971.0,93.0,54.74,35.23,48.42,48.42,9.53
0,Alibag,8.0,IN,1538548200.0,63.0,18.64,72.88,91.4,91.4,6.93
0,Dicabisagan,88.0,PH,1538549972.0,100.0,17.08,122.42,79.02,79.02,6.96
0,Kanniyakumari,0.0,IN,1538549972.0,100.0,8.08,77.57,80.64,80.64,0.13
0,Flin Flon,8.0,CA,1538549972.0,98.0,54.77,-101.88,31.95,31.95,7.4
0,Harrismith,92.0,ZA,1538549972.0,85.0,-28.27,29.13,53.37,53.37,5.95
0,Lumphat,48.0,KH,1538549972.0,100.0,13.5,106.97,82.62,82.62,4.72
0,Chilca,80.0,PE,1538546400.0,57.0,-13.22,-72.34,48.2,48.2,2.24
0,Makat,32.0,KZ,1538549972.0,49.0,47.65,53.35,63.09,63.09,6.85
0,Bekhtery,8.0,UA,1538549973.0,94.0,46.25,32.3,66.51,66.51,14.0
0,Puerto Escondido,32.0,MX,1538549973.0,100.0,15.86,-97.07,84.15,84.15,6.96
0,Ca Mau,64.0,VN,1538549973.0,98.0,9.18,105.15,83.97,83.97,6.51
0,Vanimo,8.0,PG,1538549973.0,100.0,-2.67,141.3,84.42,84.42,6.4
0,Khair,12.0,IN,1538549973.0,56.0,27.94,77.84,90.63,90.63,1.81
0,Filingue,0.0,NE,1538549973.0,74.0,14.35,3.32,76.14,76.14,2.37
0,Thohoyandou,0.0,ZA,1538549974.0,34.0,-22.97,30.46,69.57,69.57,7.18
0,Mount Isa,0.0,AU,1538549974.0,15.0,-20.73,139.49,95.04,95.04,4.61
0,Mondlo,92.0,ZA,1538549974.0,86.0,-27.96,30.72,52.47,52.47,7.96
0,Novochernorechenskiy,80.0,RU,1538549974.0,63.0,56.27,91.08,44.37,44.37,6.73
0,Beira,0.0,ES,1538548200.0,93.0,43.2,-8.36,48.2,47.25,8.05
0,Bourail,0.0,NC,1538549974.0,65.0,-21.57,165.5,68.94,68.94,8.08
0,Zhob,0.0,PK,1538549975.0,18.0,31.34,69.45,77.67,77.67,3.83
0,Labuhan,56.0,ID,1538549975.0,65.0,-2.54,115.51,87.03,87.03,3.38
0,Kamskiye Polyany,90.0,RU,1538546400.0,43.0,55.43,51.42,50.0,50.0,11.18
0,Palauig,92.0,PH,1538549975.0,100.0,15.44,119.9,77.22,77.22,4.61
0,Tuatapere,0.0,NZ,1538549975.0,89.0,-46.13,167.69,50.85,50.85,20.04
0,Port Hawkesbury,90.0,CA,1538546400.0,81.0,45.62,-61.36,48.2,48.2,9.17
0,Chiredzi,0.0,ZW,1538549975.0,28.0,-21.05,31.67,75.96,75.96,8.19
0,Lorengau,44.0,PG,1538549976.0,100.0,-2.02,147.27,85.05,85.05,3.15
0,Alpoyeca,64.0,MX,1538549976.0,96.0,17.67,-98.51,60.75,60.75,2.15
0,Tyubuk,48.0,RU,1538549976.0,76.0,56.05,60.94,51.39,51.39,8.08
0,Verkhnevilyuysk,92.0,RU,1538549976.0,88.0,63.45,120.31,42.39,42.39,9.53
0,Osvaldo Cruz,8.0,BR,1538549976.0,81.0,-21.8,-50.88,72.09,72.09,3.04
0,Mizdah,8.0,LY,1538549976.0,88.0,31.45,12.98,58.23,58.23,2.48
0,Pyu,44.0,MM,1538549976.0,77.0,18.48,96.43,84.06,84.06,3.27
0,Cabedelo,0.0,BR,1538546400.0,94.0,-6.97,-34.84,75.2,75.2,2.24
0,Skelleftea,75.0,SE,1538547600.0,100.0,64.75,20.95,32.0,32.0,10.29
0,Richards Bay,92.0,ZA,1538549977.0,69.0,-28.77,32.06,66.15,66.15,15.9
0,Meulaboh,36.0,ID,1538549977.0,100.0,4.14,96.13,83.88,83.88,4.38
0,Latung,48.0,ID,1538549977.0,56.0,-8.45,120.42,83.52,83.52,5.73
0,Urengoy,68.0,RU,1538549978.0,87.0,65.96,78.37,36.45,36.45,7.29
0,Inta,92.0,RU,1538549978.0,97.0,66.04,60.13,42.57,42.57,5.06
0,Madang,68.0,PG,1538549978.0,100.0,-5.21,145.81,77.49,77.49,3.71
0,Rangoon,40.0,MM,1538548200.0,62.0,16.81,96.16,89.6,89.6,4.7
0,Maseru,68.0,LS,1538549978.0,47.0,-29.31,27.48,49.59,49.59,3.6
0,Ipixuna,0.0,BR,1538550000.0,94.0,-1.76,-48.8,75.2,75.2,4.7
0,Svay Rieng,88.0,KH,1538549979.0,86.0,11.08,105.8,83.16,83.16,7.96
0,Alice Springs,0.0,AU,1538548200.0,28.0,-23.7,133.88,86.0,86.0,17.22
0,Sao Miguel do Araguaia,0.0,BR,1538549979.0,88.0,-13.28,-50.16,73.62,73.62,2.71
0,Oistins,40.0,BB,1538546400.0,83.0,13.07,-59.53,80.6,80.6,9.17
0,Tiznit,20.0,MA,1538549979.0,96.0,29.7,-9.73,65.25,65.25,4.05
0,Joshimath,44.0,IN,1538549979.0,77.0,30.57,79.57,34.92,34.92,1.36
0,Urucui,0.0,BR,1538549980.0,60.0,-7.23,-44.56,71.37,71.37,4.72
0,Kostomuksha,76.0,RU,1538549980.0,96.0,64.59,30.6,33.84,33.84,6.06
0,Pandan Niog,8.0,PH,1538549980.0,99.0,6.23,120.56,85.95,85.95,5.84
0,Dawlatabad,0.0,AF,1538549980.0,31.0,36.41,64.91,79.11,79.11,5.39
0,Viesite,92.0,LV,1538549980.0,95.0,56.35,25.56,45.36,45.36,10.42
0,Virginia Beach,1.0,US,1538549640.0,93.0,36.85,-75.98,73.58,71.29,8.05
0,Nuevitas,5.0,CU,1538545800.0,94.0,21.55,-77.27,75.2,75.2,6.93
0,Inhambane,75.0,MZ,1538546400.0,83.0,-23.87,35.38,71.6,71.6,4.7
0,Samarai,64.0,PG,1538549981.0,100.0,-10.62,150.67,77.85,77.85,19.04
0,Podgorica,20.0,ME,1538548200.0,82.0,42.44,19.26,60.8,60.8,1.12
0,Sagone,0.0,FR,1538548200.0,71.0,42.12,8.7,60.8,57.29,8.05
0,Dharchula,0.0,IN,1538549981.0,65.0,29.85,80.53,56.88,56.88,1.7
0,Shaki,92.0,NG,1538549981.0,99.0,7.9,4.77,72.81,72.81,5.73
0,Fort-Shevchenko,24.0,KZ,1538549982.0,66.0,44.51,50.26,72.72,72.72,9.98
0,Uruguaiana,0.0,BR,1538546400.0,87.0,-29.77,-57.08,57.2,57.2,11.41
0,Vardo,1.0,US,1538549100.0,94.0,39.62,-77.74,73.04,69.06,3.36
0,Arona,0.0,IT,1538547600.0,93.0,45.76,8.56,50.0,45.32,3.36
0,Saint-Augustin,90.0,FR,1538548200.0,87.0,44.83,-0.61,57.2,55.2,3.36
0,Altamira,36.0,BR,1538549983.0,84.0,-3.2,-52.21,77.67,77.67,4.83
0,Tuy Hoa,92.0,VN,1538549983.0,100.0,13.08,109.3,76.32,76.32,5.95
0,Kalmunai,20.0,LK,1538549983.0,74.0,7.42,81.82,87.39,87.39,4.61
0,Dzilam Gonzalez,8.0,MX,1538549983.0,84.0,21.28,-88.93,76.95,76.95,4.38
0,Kitimat,5.0,CA,1538546400.0,44.0,54.02,-128.69,37.4,37.4,13.87
0,Kelvington,68.0,CA,1538549983.0,78.0,52.16,-103.52,23.67,23.67,5.39
0,Ceyhan,0.0,TR,1538547600.0,57.0,37.03,35.82,78.8,78.8,5.82
0,Shache,0.0,CN,1538549984.0,32.0,38.42,77.24,73.89,73.89,3.94
0,Paralimni,12.0,GR,1538549887.0,94.0,40.99,23.67,56.61,56.61,2.71
0,Pimentel,0.0,BR,1538549984.0,80.0,-3.7,-45.5,77.22,77.22,6.17
0,Shimoda,75.0,JP,1538546400.0,73.0,34.7,138.93,73.4,73.4,8.05
0,Orsha,0.0,BY,1538546400.0,81.0,54.51,30.43,46.4,44.58,15.68
0,Luanda,90.0,AO,1538546400.0,88.0,-8.83,13.24,73.4,73.4,3.36
0,Rodopolis,0.0,GR,1538549984.0,86.0,41.26,23.0,54.45,54.45,1.92
0,Arlit,36.0,NE,1538549985.0,29.0,18.74,7.39,80.19,80.19,9.31
0,Zavyalovo,90.0,RU,1538546400.0,61.0,54.51,82.45,46.4,46.4,11.18
0,Tomigusuku,75.0,JP,1538546400.0,78.0,26.18,127.67,77.0,76.46,13.87
0,Pangnirtung,48.0,CA,1538549985.0,87.0,66.15,-65.72,22.32,22.32,7.07
0,Gazanjyk,0.0,TM,1538549985.0,48.0,39.24,55.52,75.96,75.96,4.05
0,Vikhorevka,75.0,RU,1538548200.0,60.0,56.12,101.17,41.0,41.0,13.42
0,Tagusao,56.0,PH,1538549986.0,100.0,9.19,117.81,79.92,79.92,3.94
